update,train_slots,actor_loss,critic_loss,ratio_mean,entropy_mean,buffer_task_size,buffer_slot_size
1,64,-0.015733911252270142,1125.3846459960937,1.0017466381192208,0.7960491100947062,3793,1600
2,128,-0.0158059592358768,1639.739228515625,1.0004199105396605,0.80020819212261,3637,1600
3,192,-0.021414653663041777,1900.0511303710937,1.0022911023477028,0.8017681333525427,3672,1600
4,256,-0.013092529807432458,2123.768591308594,0.9992010182347791,0.7950974831293369,3651,1600
5,320,-0.021997481251933744,2616.3645556640627,1.0007141440042429,0.7923093762780938,3559,1600
6,384,-0.019617792434507498,2710.0645703125,0.9977461822606899,0.7891941191973509,3441,1600
7,448,-0.01733103860169649,2602.4557177734373,1.0000753846933257,0.7908430779879948,3386,1600
8,512,-0.017229540437898216,2362.8288452148436,0.9994326081930422,0.8099366356344784,3254,1600
9,576,-0.019850035680940858,3272.7976220703126,0.9990740749571059,0.8181800753981979,3430,1600
10,640,-0.022370115420299357,2588.7298876953123,0.9997352968002188,0.7908032582751636,3657,1600
11,704,-0.021827801918102935,2523.591398925781,0.9997841038487174,0.7939289136366411,3505,1600
12,768,-0.020749470058151268,3123.317067871094,1.000337538394061,0.8101373775438829,3467,1600
13,832,-0.020352569009576525,3038.6035571289062,0.9990171300513404,0.8137387015989849,3568,1600
14,896,-0.016850767532984416,3278.3206420898437,1.0013135358691216,0.8021116604407629,3787,1600
15,960,-0.021932320413179697,2633.0548071289063,0.998209972679615,0.7921188463767369,3810,1600
16,1024,-0.016668912576827802,4304.38263671875,0.9993223176812226,0.8014861885106789,3370,1600
17,1088,-0.017633944115569365,4244.117534179688,1.0014594063676636,0.776312867629117,3694,1600
18,1152,-0.01602246882221489,3966.158505859375,0.9992762997194573,0.7703084195101703,3437,1600
19,1216,-0.01943546654477429,3528.3759765625,1.0002183180588942,0.7608455161635692,3279,1600
20,1280,-0.017047345571752106,3542.719479980469,0.9992623451564994,0.7527569133256163,3572,1600
21,1344,-0.017142880904989746,3379.4609619140624,0.9995928332209587,0.768167247565893,3321,1600
22,1408,-0.015210649523545396,2869.463876953125,1.0005438978021794,0.7676461057229476,3487,1600
23,1472,-0.020822123009360063,2574.462028808594,1.0005799419475052,0.7573661151921974,3333,1600
24,1536,-0.01803230321542783,2704.684658203125,1.0004482740705662,0.7707542739131233,3484,1600
25,1600,-0.015417106150877926,2693.3339013671875,1.000464400030532,0.7815380889289784,3386,1600
26,1664,-0.01564922304276158,2718.3882348632815,0.9976304325402952,0.7707716472008649,3251,1600
27,1728,-0.01781895761895511,2306.891396484375,0.9986450876350756,0.7823647271703791,3399,1600
28,1792,-0.01840579852944723,2640.180549316406,0.9998193466001086,0.7836469290433107,3417,1600
29,1856,-0.014316900633275509,2388.371525878906,0.999483537255672,0.7929043529326456,3593,1600
30,1920,-0.01864679175513712,2946.6112060546875,1.000654339248484,0.7719746378335086,3493,1600
31,1984,-0.007779245671043371,7689.586015625,1.00176683892595,0.7949237588872301,2947,1600
32,2048,-0.016976843364536764,5794.363525390625,0.9992181229591369,0.7686040937900543,3170,1600
33,2112,-0.016756193776268,4330.000356445313,0.9996289867980808,0.7522360437056598,3237,1600
34,2176,-0.019122540001880448,3645.19546875,1.0005362388098016,0.7681122911426256,3353,1600
35,2240,-0.017834761073269572,2816.495185546875,1.0003262118746836,0.7618838349978129,3025,1600
36,2304,-0.02063088274250428,2339.3929809570313,0.9956295410792033,0.7232525262567732,2858,1600
37,2368,-0.01768201022324237,2569.8269311523436,1.0027217675339093,0.7384809892285954,2790,1600
38,2432,-0.01875640852178665,2249.8304223632813,0.9979804931802952,0.7203158089455138,2986,1600
39,2496,-0.015215701150262485,2115.0707775878905,0.9997928602539975,0.7206535054289777,2922,1600
40,2560,-0.015585440851282328,2086.8910327148437,1.0011367239058018,0.7216362984230121,3058,1600
41,2624,-0.01674351044525595,2270.8146508789064,0.9979967092690261,0.7458074280749196,2944,1600
42,2688,-0.015813513820496748,2577.3727880859374,0.9982988110610417,0.7177452797792396,3081,1600
43,2752,-0.015412969485004532,2450.0122265625,1.0004403603837846,0.7170387652326138,2991,1600
44,2816,-0.01444079145870131,2464.860085449219,0.9990784849809564,0.6876097321510315,2933,1600
45,2880,-0.017512887677488227,2105.4427893066404,1.0010811171183984,0.6997991787890593,3020,1600
46,2944,-0.01611017546383664,19889.24666015625,1.0015951000154018,0.6372804112732411,2504,1600
47,3008,-0.01182238848414272,9779.27431640625,1.0006915003061294,0.6212656490504742,2533,1600
48,3072,-0.012370234343688936,5535.979375,1.0004900887608528,0.6248828321695328,2554,1600
49,3136,-0.016389644949231296,3138.41095703125,0.999705109745264,0.6252571240067482,2523,1600
50,3200,-0.016047698534315542,2618.0238647460938,1.0003548903124673,0.6437181326605025,2657,1600
51,3264,-0.015772560444206763,1672.5521813964845,0.9997071020114117,0.6358557144800822,2447,1600
52,3328,-0.014109140909390479,1591.590499267578,1.0001383838130207,0.6392294757249879,2614,1600
53,3392,-0.015340381138958036,1330.8651147460937,0.999457447975874,0.6416726127266884,2560,1600
54,3456,-0.014974229412562236,1513.9148547363282,1.0003542587524508,0.6537146939010154,2579,1600
55,3520,-0.013731126628089242,1422.4442712402345,1.001702911243206,0.6263931851561476,2613,1600
56,3584,-0.014968385013114465,1454.7925646972656,0.9999169064195532,0.6142565027663582,2411,1600
57,3648,-0.01143617893402011,1330.641416015625,0.9998771800444677,0.6085386459644024,2436,1600
58,3712,-0.012898484582547099,1768.5698193359376,0.997314914315939,0.6200848888605833,2518,1600
59,3776,-0.0136646926170215,1686.5376574707032,0.998510229587555,0.6163826663047075,2538,1600
60,3840,-0.012393178697675467,1460.6336401367187,0.9994900397956371,0.6362883858382702,2558,1600
61,3904,-0.012245829997433198,53723.4991015625,1.0006599635691256,0.5667804789704245,2357,1600
62,3968,-0.013139324973484403,22313.00603515625,0.9999243068067651,0.6032074242830276,2411,1600
63,4032,-0.009517832930820683,8042.3004296875,0.9996650651806877,0.6094876385870434,2642,1600
64,4096,-0.012715948317703363,2950.5660400390625,1.001785295235144,0.5948523540754576,2330,1600
65,4160,-0.010452179262080254,1838.9224841308594,1.0020583883309975,0.6245669233493316,2446,1600
66,4224,-0.009395040094670726,1234.7939935302734,1.002877430944908,0.619399525406884,2561,1600
67,4288,-0.012145834781865521,989.4733630371094,0.9997276852770549,0.6292456257634047,2569,1600
68,4352,-0.01689330237440583,955.6065557861328,0.9973742903732672,0.6340237659652058,2603,1600
69,4416,-0.011860565841197967,1146.4636407470703,1.0012935250997543,0.6203360199928284,2515,1600
70,4480,-0.010152612331633766,1433.0953393554687,1.001197432147132,0.61398017472691,2827,1600
71,4544,-0.012522187642753124,1276.83064453125,0.9997905924916267,0.591565591096878,2558,1600
72,4608,-0.00646638421614359,1543.2157159423828,0.9992279788342918,0.5949834232650152,2571,1600
73,4672,-0.011730338555089263,1650.0151684570312,1.0002920024616773,0.6097166905569475,2692,1600
74,4736,-0.011990827644561849,1756.0293518066405,0.998949837393877,0.6107800562934178,2618,1600
75,4800,-0.012892356659803126,1680.4804565429688,0.999047847588857,0.6328733795218997,2833,1600
76,4864,-0.010024443806077424,96068.2109375,0.9993490080038706,0.5675868644164159,2439,1600
77,4928,-0.0163492990944248,32942.466015625,1.0012877942659917,0.6078583964934716,2435,1600
78,4992,-0.016741402249317618,11570.097509765625,1.000392024219036,0.5861606445163489,2538,1600
79,5056,-0.012825168305780829,4490.53626953125,1.0014208308080348,0.5972715856098547,2562,1600
80,5120,-0.013168435741681606,1543.3404760742187,1.0000230945646762,0.5857659094035625,2522,1600
81,5184,-0.010569148342169467,1375.1271240234375,0.9986570605209896,0.6133131292604265,2628,1600
82,5248,-0.01466600541252552,1242.6496704101562,1.000054542611285,0.6091949561747109,2591,1600
83,5312,-0.012585606635548174,1003.6227697753907,0.9990665011107922,0.5976829037070275,2518,1600
84,5376,-0.01424748278666465,1237.9734118652343,0.9978357127734593,0.6194803654437974,2685,1600
85,5440,-0.011959733386036186,1044.3664776611329,0.9994166933354878,0.6002808085509709,2655,1600
86,5504,-0.014984444044984696,1178.0787371826173,0.9983860697688126,0.5986018050007704,2585,1600
87,5568,-0.01385354220347349,962.16865234375,1.0021750344786533,0.6067952569140944,2693,1600
88,5632,-0.01020618752679891,1286.6956726074218,0.9993749929798974,0.6024145487282011,2831,1600
89,5696,-0.018829392951501663,1190.9952172851563,0.9993949885978255,0.5834779472545136,2696,1600
90,5760,-0.012055461400781165,1184.1842834472657,1.0008030743761496,0.6098496510901235,2803,1600
91,5824,-0.010218366796739008,132858.6075,1.001397972044192,0.5732827664990174,2387,1600
92,5888,-0.012180144689642848,59466.72625,0.9997030420181079,0.569715501788335,2481,1600
93,5952,-0.013998610412024638,20286.7594140625,0.9989785355600443,0.5872096344828606,2776,1600
94,6016,-0.012576641666237265,6174.275849609375,1.0010081686079502,0.5830128524452448,2538,1600
95,6080,-0.01236766780493781,2093.158682861328,0.9988676011562347,0.5645994927734137,2523,1600
96,6144,-0.01310781725416226,877.9600689697265,1.0000624983083635,0.5908666788822129,2672,1600
97,6208,-0.012959336673486092,1149.6347143554688,1.0005571019081843,0.5887150406127885,2634,1600
98,6272,-0.014014521318419678,1073.1431561279296,1.002673319927076,0.570196898608673,2610,1600
99,6336,-0.011121961552734401,1320.3608123779297,1.0002003461122513,0.5572785603051836,2816,1600
100,6400,-0.008663690251457254,1112.9207342529296,0.9998872236507695,0.5473696153338362,2603,1600
101,6464,-0.012076343839558272,1042.6196197509767,1.0000583552397215,0.5434795499612124,2494,1600
102,6528,-0.010603839324580299,1188.0276446533203,0.9992364750968086,0.5694891856776343,2836,1600
103,6592,-0.009135145815494268,1359.9966497802734,1.0005590041046557,0.5774133121189864,2891,1600
104,6656,-0.014863802461574475,987.464857788086,1.0000512282053629,0.5666606270604664,2847,1600
105,6720,-0.013753886497038048,1417.1513592529298,0.9990092120891394,0.5609577838764634,2712,1600
106,6784,-0.012967597448119992,211035.3671875,1.0019494326491105,0.5410473083979205,2405,1600
107,6848,-0.015124664537142962,71383.018984375,1.0008402965962886,0.5341381229460239,2505,1600
108,6912,-0.020916747722170642,20589.11140625,1.0004007397471248,0.551825202196031,2305,1600
109,6976,-0.018050401750952006,5403.1910009765625,1.00111965239048,0.5676372062414885,2511,1600
110,7040,-0.0012784524777427662,1501.8319946289062,0.9989217138567636,0.5576751765816711,2694,1600
111,7104,-0.016809292682787268,1186.4095452880858,1.0001197399162665,0.5333251487918016,2570,1600
112,7168,-0.01120350648354935,1041.364429321289,1.0000091242162805,0.5211332385477266,2422,1600
113,7232,-0.0146079364732453,1120.7596807861328,1.0010859624641697,0.5346316041015997,2621,1600
114,7296,-0.013640678899232732,1295.344058227539,0.9982608390408892,0.555959971145142,2712,1600
115,7360,-0.00966201178593243,860.4009100341797,1.0006212708426685,0.5564812014742595,2571,1600
116,7424,-0.013069486200082593,1438.8104064941406,1.000895660824892,0.5320471797774478,2619,1600
117,7488,-0.009264476065124785,1098.7047155761718,1.0002155708415168,0.5519044417000952,2645,1600
118,7552,-0.011552134715020656,859.5083270263672,0.9995567508041858,0.5402787163853645,2554,1600
119,7616,-0.011089277843576531,1189.250675048828,1.0011700301669364,0.5395444288503292,2717,1600
120,7680,-0.015395411720965058,1057.5050994873047,0.9998548664152622,0.5640792839229107,2512,1600
121,7744,-0.019484795793588902,275015.5753125,1.0011261427724683,0.47949289268738515,2321,1600
122,7808,-0.0129061343299376,85230.03828125,0.9998592911539851,0.49504488988502604,2337,1600
123,7872,-0.0090618782407163,25217.0817578125,0.9992567269425643,0.4963903929057874,2380,1600
124,7936,-0.012378925286037358,7290.435131835938,1.0004524690540213,0.5044371944509054,2392,1600
125,8000,-0.0072276908089406785,1180.0487689208985,0.9996638365089894,0.5182778507471084,2523,1600
